{
  "fold": 2,
  "model": "transformer",
  "input_shape": [
    128,
    3
  ],
  "batch_size": 64,
  "epochs": 50,
  "learning_rate": 0.001,
  "class_weights": {
    "0": 0.7980969281605679,
    "1": 1.3386533921790003
  },
  "train_results": {
    "split": "train",
    "accuracy": 0.8140885566417482,
    "precision": 0.7037006202389376,
    "recall": 0.8675459304115776,
    "f1": 0.7770806040129629,
    "confusion_matrix": [
      [
        25566,
        7118
      ],
      [
        2581,
        16905
      ]
    ],
    "classification_report": {
      "0.0": {
        "precision": 0.9083028386684193,
        "recall": 0.7822175988251132,
        "f1-score": 0.8405582679883612,
        "support": 32684.0
      },
      "1.0": {
        "precision": 0.7037006202389376,
        "recall": 0.8675459304115776,
        "f1-score": 0.7770806040129629,
        "support": 19486.0
      },
      "accuracy": 0.8140885566417482,
      "macro avg": {
        "precision": 0.8060017294536785,
        "recall": 0.8248817646183454,
        "f1-score": 0.808819436000662,
        "support": 52170.0
      },
      "weighted avg": {
        "precision": 0.8318819295574958,
        "recall": 0.8140885566417482,
        "f1-score": 0.8168487460365763,
        "support": 52170.0
      }
    }
  },
  "val_results": {
    "split": "val",
    "accuracy": 0.7095096014076965,
    "precision": 0.4302910528206971,
    "recall": 0.792783846408474,
    "f1": 0.5578199604052638,
    "confusion_matrix": [
      [
        6879,
        3171
      ],
      [
        626,
        2395
      ]
    ],
    "classification_report": {
      "0.0": {
        "precision": 0.9165889407061959,
        "recall": 0.6844776119402985,
        "f1-score": 0.7837083452007975,
        "support": 10050.0
      },
      "1.0": {
        "precision": 0.4302910528206971,
        "recall": 0.792783846408474,
        "f1-score": 0.5578199604052638,
        "support": 3021.0
      },
      "accuracy": 0.7095096014076965,
      "macro avg": {
        "precision": 0.6734399967634465,
        "recall": 0.7386307291743863,
        "f1-score": 0.6707641528030306,
        "support": 13071.0
      },
      "weighted avg": {
        "precision": 0.8041946388699102,
        "recall": 0.7095096014076965,
        "f1-score": 0.7315004949623072,
        "support": 13071.0
      }
    }
  },
  "test_results": {
    "split": "test",
    "accuracy": 0.8312958435207825,
    "precision": 0.7009267059814659,
    "recall": 0.8666666666666667,
    "f1": 0.7750349324639031,
    "confusion_matrix": [
      [
        1548,
        355
      ],
      [
        128,
        832
      ]
    ],
    "classification_report": {
      "0.0": {
        "precision": 0.9236276849642004,
        "recall": 0.8134524435102469,
        "f1-score": 0.865046102263202,
        "support": 1903.0
      },
      "1.0": {
        "precision": 0.7009267059814659,
        "recall": 0.8666666666666667,
        "f1-score": 0.7750349324639031,
        "support": 960.0
      },
      "accuracy": 0.8312958435207825,
      "macro avg": {
        "precision": 0.8122771954728332,
        "recall": 0.8400595550884569,
        "f1-score": 0.8200405173635525,
        "support": 2863.0
      },
      "weighted avg": {
        "precision": 0.8489532386409643,
        "recall": 0.8312958435207825,
        "f1-score": 0.8348642220650437,
        "support": 2863.0
      }
    }
  }
}