{
  "accuracy": [
    0.7369752526283264,
    0.7913551926612854,
    0.8145677447319031,
    0.8338700532913208,
    0.8446041941642761,
    0.8556833267211914,
    0.8711711764335632,
    0.8798351287841797,
    0.886333167552948,
    0.8903776407241821
  ],
  "loss": [
    0.4942029118537903,
    0.405978262424469,
    0.36689260601997375,
    0.3381842076778412,
    0.3197091519832611,
    0.30042603611946106,
    0.26053690910339355,
    0.24556206166744232,
    0.2327898144721985,
    0.22708821296691895
  ],
  "precision": [
    0.6221186518669128,
    0.6823868751525879,
    0.7112833857536316,
    0.7371859550476074,
    0.7518258094787598,
    0.7653455138206482,
    0.7824490070343018,
    0.7965713739395142,
    0.8074759840965271,
    0.8137563467025757
  ],
  "recall": [
    0.7534640431404114,
    0.825721025466919,
    0.8475828766822815,
    0.8628246188163757,
    0.8717027902603149,
    0.8849430084228516,
    0.9073693752288818,
    0.9109103679656982,
    0.9134763479232788,
    0.9161962270736694
  ],
  "val_accuracy": [
    0.7115752696990967,
    0.7095096111297607,
    0.718231201171875,
    0.7030831575393677,
    0.7092036008834839,
    0.7219034433364868,
    0.7048428058624268,
    0.7300130128860474,
    0.7213678956031799,
    0.7165480852127075
  ],
  "val_loss": [
    0.553703784942627,
    0.5482807159423828,
    0.5647501349449158,
    0.7653929591178894,
    0.6736565828323364,
    0.715948224067688,
    0.8003774881362915,
    0.7847052812576294,
    0.9431184530258179,
    0.844577968120575
  ],
  "val_precision": [
    0.4298557639122009,
    0.4302910566329956,
    0.4359023869037628,
    0.4189291000366211,
    0.42159226536750793,
    0.4431270956993103,
    0.42291396856307983,
    0.4484577775001526,
    0.4368003308773041,
    0.4319538474082947
  ],
  "val_recall": [
    0.7596822381019592,
    0.7927838563919067,
    0.7451174855232239,
    0.7355180382728577,
    0.6941410303115845,
    0.791790783405304,
    0.760013222694397,
    0.7315458655357361,
    0.7103608250617981,
    0.7186362147331238
  ],
  "learning_rate": [
    0.0010000000474974513,
    0.0010000000474974513,
    0.0010000000474974513,
    0.0010000000474974513,
    0.0010000000474974513,
    0.0010000000474974513,
    0.0005000000237487257,
    0.0005000000237487257,
    0.0005000000237487257,
    0.0005000000237487257
  ]
}