{
  "split": "train",
  "accuracy": 0.8140885566417482,
  "precision": 0.7037006202389376,
  "recall": 0.8675459304115776,
  "f1": 0.7770806040129629,
  "confusion_matrix": [
    [
      25566,
      7118
    ],
    [
      2581,
      16905
    ]
  ],
  "classification_report": {
    "0.0": {
      "precision": 0.9083028386684193,
      "recall": 0.7822175988251132,
      "f1-score": 0.8405582679883612,
      "support": 32684.0
    },
    "1.0": {
      "precision": 0.7037006202389376,
      "recall": 0.8675459304115776,
      "f1-score": 0.7770806040129629,
      "support": 19486.0
    },
    "accuracy": 0.8140885566417482,
    "macro avg": {
      "precision": 0.8060017294536785,
      "recall": 0.8248817646183454,
      "f1-score": 0.808819436000662,
      "support": 52170.0
    },
    "weighted avg": {
      "precision": 0.8318819295574958,
      "recall": 0.8140885566417482,
      "f1-score": 0.8168487460365763,
      "support": 52170.0
    }
  }
}