{
  "fold": 1,
  "model": "attn_transformer",
  "input_shape": [
    128,
    3
  ],
  "batch_size": 64,
  "epochs": 50,
  "learning_rate": 0.001,
  "class_weights": {
    "0": 0.7465616551075585,
    "1": 1.5139451728247915
  },
  "train_results": {
    "split": "train",
    "accuracy": 0.8529168634860652,
    "precision": 0.7615648361531111,
    "recall": 0.8074493444576877,
    "f1": 0.7838361632582223,
    "confusion_matrix": [
      [
        29786,
        4242
      ],
      [
        3231,
        13549
      ]
    ],
    "classification_report": {
      "0.0": {
        "precision": 0.9021413211375958,
        "recall": 0.8753379569766075,
        "f1-score": 0.8885375494071146,
        "support": 34028.0
      },
      "1.0": {
        "precision": 0.7615648361531111,
        "recall": 0.8074493444576877,
        "f1-score": 0.7838361632582223,
        "support": 16780.0
      },
      "accuracy": 0.8529168634860652,
      "macro avg": {
        "precision": 0.8318530786453535,
        "recall": 0.8413936507171476,
        "f1-score": 0.8361868563326684,
        "support": 50808.0
      },
      "weighted avg": {
        "precision": 0.8557141164052771,
        "recall": 0.8529168634860652,
        "f1-score": 0.8539585606734817,
        "support": 50808.0
      }
    }
  },
  "val_results": {
    "split": "val",
    "accuracy": 0.6444259682671655,
    "precision": 0.5676597680236525,
    "recall": 0.4358302776322682,
    "f1": 0.4930857368629,
    "confusion_matrix": [
      [
        6805,
        1901
      ],
      [
        3231,
        2496
      ]
    ],
    "classification_report": {
      "0.0": {
        "precision": 0.6780589876444799,
        "recall": 0.7816448426372616,
        "f1-score": 0.7261765019741756,
        "support": 8706.0
      },
      "1.0": {
        "precision": 0.5676597680236525,
        "recall": 0.4358302776322682,
        "f1-score": 0.4930857368629,
        "support": 5727.0
      },
      "accuracy": 0.6444259682671655,
      "macro avg": {
        "precision": 0.6228593778340662,
        "recall": 0.6087375601347649,
        "f1-score": 0.6096311194185378,
        "support": 14433.0
      },
      "weighted avg": {
        "precision": 0.6342526874457354,
        "recall": 0.6444259682671655,
        "f1-score": 0.6336863189358416,
        "support": 14433.0
      }
    }
  },
  "test_results": {
    "split": "test",
    "accuracy": 0.855047153335662,
    "precision": 0.7592768791627021,
    "recall": 0.83125,
    "f1": 0.7936350074589756,
    "confusion_matrix": [
      [
        1650,
        253
      ],
      [
        162,
        798
      ]
    ],
    "classification_report": {
      "0.0": {
        "precision": 0.9105960264900662,
        "recall": 0.8670520231213873,
        "f1-score": 0.8882907133243607,
        "support": 1903.0
      },
      "1.0": {
        "precision": 0.7592768791627021,
        "recall": 0.83125,
        "f1-score": 0.7936350074589756,
        "support": 960.0
      },
      "accuracy": 0.855047153335662,
      "macro avg": {
        "precision": 0.8349364528263842,
        "recall": 0.8491510115606937,
        "f1-score": 0.8409628603916681,
        "support": 2863.0
      },
      "weighted avg": {
        "precision": 0.859856808385187,
        "recall": 0.855047153335662,
        "f1-score": 0.8565514616195861,
        "support": 2863.0
      }
    }
  }
}