{
  "accuracy": [
    0.7860572934150696,
    0.8459100723266602,
    0.8620886206626892,
    0.8739568591117859,
    0.8815737962722778,
    0.9011179208755493,
    0.9068059921264648,
    0.9135962724685669,
    0.9162730574607849
  ],
  "loss": [
    0.41242149472236633,
    0.319828599691391,
    0.28878915309906006,
    0.2669210135936737,
    0.2505126893520355,
    0.21446889638900757,
    0.20145472884178162,
    0.19093140959739685,
    0.1839909851551056
  ],
  "precision": [
    0.6430992484092712,
    0.7259326577186584,
    0.7506797313690186,
    0.7693945169448853,
    0.7799219489097595,
    0.8089131712913513,
    0.8189038634300232,
    0.8309294581413269,
    0.8359618186950684
  ],
  "recall": [
    0.7914183735847473,
    0.8569725751876831,
    0.8720500469207764,
    0.883015513420105,
    0.8935637474060059,
    0.9172824621200562,
    0.9216328859329224,
    0.9269964098930359,
    0.9287246465682983
  ],
  "val_accuracy": [
    0.6444259881973267,
    0.616642415523529,
    0.6245409846305847,
    0.580752432346344,
    0.631954550743103,
    0.6544030904769897,
    0.6611238121986389,
    0.654125988483429,
    0.6637566685676575
  ],
  "val_loss": [
    0.6343051791191101,
    0.674796462059021,
    0.676539421081543,
    0.8043336272239685,
    0.7240999341011047,
    0.7077411413192749,
    0.7490593194961548,
    0.7639088034629822,
    0.7934303879737854
  ],
  "val_precision": [
    0.5676597952842712,
    0.5189157724380493,
    0.5342984199523926,
    0.4679080843925476,
    0.5328582525253296,
    0.5570656657218933,
    0.5687952637672424,
    0.562235414981842,
    0.5976754426956177
  ],
  "val_recall": [
    0.4358302652835846,
    0.46464118361473083,
    0.4188929498195648,
    0.41243234276771545,
    0.5875676870346069,
    0.629823625087738,
    0.6034573316574097,
    0.5797101259231567,
    0.4669111371040344
  ],
  "learning_rate": [
    0.0010000000474974513,
    0.0010000000474974513,
    0.0010000000474974513,
    0.0010000000474974513,
    0.0010000000474974513,
    0.0005000000237487257,
    0.0005000000237487257,
    0.0005000000237487257,
    0.0005000000237487257
  ]
}