{
  "split": "train",
  "accuracy": 0.8529168634860652,
  "precision": 0.7615648361531111,
  "recall": 0.8074493444576877,
  "f1": 0.7838361632582223,
  "confusion_matrix": [
    [
      29786,
      4242
    ],
    [
      3231,
      13549
    ]
  ],
  "classification_report": {
    "0.0": {
      "precision": 0.9021413211375958,
      "recall": 0.8753379569766075,
      "f1-score": 0.8885375494071146,
      "support": 34028.0
    },
    "1.0": {
      "precision": 0.7615648361531111,
      "recall": 0.8074493444576877,
      "f1-score": 0.7838361632582223,
      "support": 16780.0
    },
    "accuracy": 0.8529168634860652,
    "macro avg": {
      "precision": 0.8318530786453535,
      "recall": 0.8413936507171476,
      "f1-score": 0.8361868563326684,
      "support": 50808.0
    },
    "weighted avg": {
      "precision": 0.8557141164052771,
      "recall": 0.8529168634860652,
      "f1-score": 0.8539585606734817,
      "support": 50808.0
    }
  }
}