{
  "fold": 1,
  "model": "transformer",
  "input_shape": [
    128,
    3
  ],
  "batch_size": 64,
  "epochs": 50,
  "learning_rate": 0.001,
  "class_weights": {
    "0": 0.7465616551075585,
    "1": 1.5139451728247915
  },
  "train_results": {
    "split": "train",
    "accuracy": 0.8673634073374272,
    "precision": 0.7835639649816436,
    "recall": 0.8267580452920144,
    "f1": 0.8045817021893577,
    "confusion_matrix": [
      [
        30196,
        3832
      ],
      [
        2907,
        13873
      ]
    ],
    "classification_report": {
      "0.0": {
        "precision": 0.9121831858139746,
        "recall": 0.8873868578817444,
        "f1-score": 0.8996141871862477,
        "support": 34028.0
      },
      "1.0": {
        "precision": 0.7835639649816436,
        "recall": 0.8267580452920144,
        "f1-score": 0.8045817021893577,
        "support": 16780.0
      },
      "accuracy": 0.8673634073374272,
      "macro avg": {
        "precision": 0.847873575397809,
        "recall": 0.8570724515868794,
        "f1-score": 0.8520979446878028,
        "support": 50808.0
      },
      "weighted avg": {
        "precision": 0.8697050224230419,
        "recall": 0.8673634073374272,
        "f1-score": 0.8682284782772606,
        "support": 50808.0
      }
    }
  },
  "val_results": {
    "split": "val",
    "accuracy": 0.6529481050370678,
    "precision": 0.5680439727065959,
    "recall": 0.5233106338397067,
    "f1": 0.5447605198582205,
    "confusion_matrix": [
      [
        6427,
        2279
      ],
      [
        2730,
        2997
      ]
    ],
    "classification_report": {
      "0.0": {
        "precision": 0.7018674238287649,
        "recall": 0.7382265104525615,
        "f1-score": 0.7195879751441527,
        "support": 8706.0
      },
      "1.0": {
        "precision": 0.5680439727065959,
        "recall": 0.5233106338397067,
        "f1-score": 0.5447605198582205,
        "support": 5727.0
      },
      "accuracy": 0.6529481050370678,
      "macro avg": {
        "precision": 0.6349556982676804,
        "recall": 0.630768572146134,
        "f1-score": 0.6321742475011867,
        "support": 14433.0
      },
      "weighted avg": {
        "precision": 0.6487664119409619,
        "recall": 0.6529481050370678,
        "f1-score": 0.65021661531442,
        "support": 14433.0
      }
    }
  },
  "test_results": {
    "split": "test",
    "accuracy": 0.8498078938176737,
    "precision": 0.7783613445378151,
    "recall": 0.771875,
    "f1": 0.7751046025104602,
    "confusion_matrix": [
      [
        1692,
        211
      ],
      [
        219,
        741
      ]
    ],
    "classification_report": {
      "0.0": {
        "precision": 0.8854003139717426,
        "recall": 0.8891224382553863,
        "f1-score": 0.8872574724698479,
        "support": 1903.0
      },
      "1.0": {
        "precision": 0.7783613445378151,
        "recall": 0.771875,
        "f1-score": 0.7751046025104602,
        "support": 960.0
      },
      "accuracy": 0.8498078938176737,
      "macro avg": {
        "precision": 0.8318808292547788,
        "recall": 0.8304987191276931,
        "f1-score": 0.831181037490154,
        "support": 2863.0
      },
      "weighted avg": {
        "precision": 0.8495087978499926,
        "recall": 0.8498078938176737,
        "f1-score": 0.8496512010199659,
        "support": 2863.0
      }
    }
  }
}