{
  "accuracy": [
    0.7827507257461548,
    0.8337663412094116,
    0.8499055504798889,
    0.8645488619804382,
    0.8735435605049133,
    0.8830499053001404,
    0.9015902876853943,
    0.9089906811714172,
    0.9115099906921387,
    0.9167847633361816
  ],
  "loss": [
    0.4278545677661896,
    0.3404894769191742,
    0.30657958984375,
    0.28226909041404724,
    0.2619681656360626,
    0.24258723855018616,
    0.20518606901168823,
    0.1895952671766281,
    0.17834046483039856,
    0.17153841257095337
  ],
  "precision": [
    0.6463451981544495,
    0.7163326740264893,
    0.7327130436897278,
    0.749521017074585,
    0.7604769468307495,
    0.7751879096031189,
    0.8053395748138428,
    0.8174884915351868,
    0.8191643953323364,
    0.8277626633644104
  ],
  "recall": [
    0.7556614875793457,
    0.822288453578949,
    0.8588200211524963,
    0.8859356641769409,
    0.900834321975708,
    0.9097139239311218,
    0.9258045554161072,
    0.9326578974723816,
    0.9394517540931702,
    0.9445768594741821
  ],
  "val_accuracy": [
    0.6252338290214539,
    0.6529480814933777,
    0.6180281043052673,
    0.6280052661895752,
    0.615187406539917,
    0.6187210083007812,
    0.6385366916656494,
    0.64962238073349,
    0.6741495132446289,
    0.651839554309845
  ],
  "val_loss": [
    0.6728991270065308,
    0.6349490284919739,
    0.638592004776001,
    0.7891226410865784,
    0.6787649989128113,
    0.689296305179596,
    0.8119401931762695,
    0.8571862578392029,
    0.7914367318153381,
    0.8367316722869873
  ],
  "val_precision": [
    0.5386109948158264,
    0.5680439472198486,
    0.526630163192749,
    0.5351256132125854,
    0.5148752927780151,
    0.5252479910850525,
    0.534931480884552,
    0.5505126714706421,
    0.5813731551170349,
    0.5697258710861206
  ],
  "val_recall": [
    0.38728827238082886,
    0.523310661315918,
    0.36947789788246155,
    0.4761655330657959,
    0.5227867960929871,
    0.40684476494789124,
    0.6818578839302063,
    0.6375065445899963,
    0.6387288570404053,
    0.500785768032074
  ],
  "learning_rate": [
    0.0010000000474974513,
    0.0010000000474974513,
    0.0010000000474974513,
    0.0010000000474974513,
    0.0010000000474974513,
    0.0010000000474974513,
    0.0005000000237487257,
    0.0005000000237487257,
    0.0005000000237487257,
    0.0005000000237487257
  ]
}