{
  "split": "train",
  "accuracy": 0.8673634073374272,
  "precision": 0.7835639649816436,
  "recall": 0.8267580452920144,
  "f1": 0.8045817021893577,
  "confusion_matrix": [
    [
      30196,
      3832
    ],
    [
      2907,
      13873
    ]
  ],
  "classification_report": {
    "0.0": {
      "precision": 0.9121831858139746,
      "recall": 0.8873868578817444,
      "f1-score": 0.8996141871862477,
      "support": 34028.0
    },
    "1.0": {
      "precision": 0.7835639649816436,
      "recall": 0.8267580452920144,
      "f1-score": 0.8045817021893577,
      "support": 16780.0
    },
    "accuracy": 0.8673634073374272,
    "macro avg": {
      "precision": 0.847873575397809,
      "recall": 0.8570724515868794,
      "f1-score": 0.8520979446878028,
      "support": 50808.0
    },
    "weighted avg": {
      "precision": 0.8697050224230419,
      "recall": 0.8673634073374272,
      "f1-score": 0.8682284782772606,
      "support": 50808.0
    }
  }
}