{
  "accuracy": 0.9208786017949929,
  "precision": 0.8702843876958792,
  "recall": 0.8936233611442194,
  "f1": 0.8817994707438989,
  "confusion_matrix": [
    [
      31793,
      2235
    ],
    [
      1785,
      14995
    ]
  ],
  "classification_report": {
    "0.0": {
      "precision": 0.9468401929835011,
      "recall": 0.934318796285412,
      "f1-score": 0.940537822086797,
      "support": 34028.0
    },
    "1.0": {
      "precision": 0.8702843876958792,
      "recall": 0.8936233611442194,
      "f1-score": 0.8817994707438989,
      "support": 16780.0
    },
    "accuracy": 0.9208786017949929,
    "macro avg": {
      "precision": 0.9085622903396902,
      "recall": 0.9139710787148156,
      "f1-score": 0.9111686464153479,
      "support": 50808.0
    },
    "weighted avg": {
      "precision": 0.9215566468347393,
      "recall": 0.9208786017949929,
      "f1-score": 0.9211387208520736,
      "support": 50808.0
    }
  }
}