{
  "fold": 1,
  "model": "attn_bilstm",
  "input_shape": [
    128,
    3
  ],
  "batch_size": 64,
  "epochs": 50,
  "learning_rate": 0.001,
  "class_weights": {
    "0": 0.7465616551075585,
    "1": 1.5139451728247915
  },
  "train_results": {
    "split": "train",
    "accuracy": 0.9183396315540859,
    "precision": 0.8514272995381448,
    "recall": 0.9118593563766388,
    "f1": 0.880607752294898,
    "confusion_matrix": [
      [
        31358,
        2670
      ],
      [
        1479,
        15301
      ]
    ],
    "classification_report": {
      "0.0": {
        "precision": 0.9549593446417152,
        "recall": 0.9215352063006935,
        "f1-score": 0.937949599940178,
        "support": 34028.0
      },
      "1.0": {
        "precision": 0.8514272995381448,
        "recall": 0.9118593563766388,
        "f1-score": 0.880607752294898,
        "support": 16780.0
      },
      "accuracy": 0.9183396315540859,
      "macro avg": {
        "precision": 0.90319332208993,
        "recall": 0.9166972813386662,
        "f1-score": 0.909278676117538,
        "support": 50808.0
      },
      "weighted avg": {
        "precision": 0.9207665459321043,
        "recall": 0.9183396315540859,
        "f1-score": 0.9190117121373164,
        "support": 50808.0
      }
    }
  },
  "val_results": {
    "split": "val",
    "accuracy": 0.6828102265641239,
    "precision": 0.5906008516006939,
    "recall": 0.6539200279378383,
    "f1": 0.6206496519721578,
    "confusion_matrix": [
      [
        6110,
        2596
      ],
      [
        1982,
        3745
      ]
    ],
    "classification_report": {
      "0.0": {
        "precision": 0.7550667325753831,
        "recall": 0.7018148403399954,
        "f1-score": 0.7274675556613882,
        "support": 8706.0
      },
      "1.0": {
        "precision": 0.5906008516006939,
        "recall": 0.6539200279378383,
        "f1-score": 0.6206496519721578,
        "support": 5727.0
      },
      "accuracy": 0.6828102265641239,
      "macro avg": {
        "precision": 0.6728337920880385,
        "recall": 0.6778674341389168,
        "f1-score": 0.6740586038167731,
        "support": 14433.0
      },
      "weighted avg": {
        "precision": 0.6898068350944682,
        "recall": 0.6828102265641239,
        "f1-score": 0.6850823180511739,
        "support": 14433.0
      }
    }
  },
  "test_results": {
    "split": "test",
    "accuracy": 0.8222144603562697,
    "precision": 0.7137440758293839,
    "recall": 0.784375,
    "f1": 0.747394540942928,
    "confusion_matrix": [
      [
        1601,
        302
      ],
      [
        207,
        753
      ]
    ],
    "classification_report": {
      "0.0": {
        "precision": 0.8855088495575221,
        "recall": 0.8413032054650552,
        "f1-score": 0.8628402047965508,
        "support": 1903.0
      },
      "1.0": {
        "precision": 0.7137440758293839,
        "recall": 0.784375,
        "f1-score": 0.747394540942928,
        "support": 960.0
      },
      "accuracy": 0.8222144603562697,
      "macro avg": {
        "precision": 0.799626462693453,
        "recall": 0.8128391027325277,
        "f1-score": 0.8051173728697394,
        "support": 2863.0
      },
      "weighted avg": {
        "precision": 0.8279139551184677,
        "recall": 0.8222144603562697,
        "f1-score": 0.8241298180345956,
        "support": 2863.0
      }
    }
  }
}