{
  "accuracy": [
    0.8036529421806335,
    0.8631711602210999,
    0.8850574493408203,
    0.8982443809509277,
    0.9083805680274963,
    0.9167453646659851,
    0.9201306700706482,
    0.9289088249206543,
    0.9334750175476074,
    0.9467996954917908,
    0.9507361054420471,
    0.9521728754043579,
    0.9500275254249573
  ],
  "loss": [
    0.39078718423843384,
    0.29509150981903076,
    0.2556633949279785,
    0.22508811950683594,
    0.20204360783100128,
    0.17951011657714844,
    0.17237333953380585,
    0.15691687166690826,
    0.14516164362430573,
    0.11437178403139114,
    0.1079474613070488,
    0.10404567420482635,
    0.1092030256986618
  ],
  "precision": [
    0.6641416549682617,
    0.7573583126068115,
    0.7917022109031677,
    0.8089080452919006,
    0.8230748772621155,
    0.8366054892539978,
    0.842210054397583,
    0.8548560738563538,
    0.862554132938385,
    0.8848488330841064,
    0.8942397832870483,
    0.8954475522041321,
    0.8923356533050537
  ],
  "recall": [
    0.820321798324585,
    0.8617997765541077,
    0.8847437500953674,
    0.9058998823165894,
    0.9204409718513489,
    0.9294397830963135,
    0.9329559206962585,
    0.9452323913574219,
    0.9499403834342957,
    0.9644219279289246,
    0.9649583101272583,
    0.968235969543457,
    0.9651370644569397
  ],
  "val_accuracy": [
    0.5954409837722778,
    0.6013995409011841,
    0.595995306968689,
    0.6577981114387512,
    0.6828102469444275,
    0.6923023462295532,
    0.6813552379608154,
    0.6643109321594238,
    0.6499688029289246,
    0.7095544934272766,
    0.6837802529335022,
    0.687868058681488,
    0.6995080709457397
  ],
  "val_loss": [
    0.677086591720581,
    0.6596157550811768,
    0.7485363483428955,
    0.7153841257095337,
    0.636850893497467,
    0.7396293878555298,
    0.7385126352310181,
    0.8046859502792358,
    0.7991479635238647,
    0.7870990633964539,
    0.8456394672393799,
    0.8948066830635071,
    0.8553798198699951
  ],
  "val_precision": [
    0.48936575651168823,
    0.4972814619541168,
    0.49286890029907227,
    0.567604660987854,
    0.590600848197937,
    0.6052717566490173,
    0.573802649974823,
    0.5627490282058716,
    0.542576014995575,
    0.6112802624702454,
    0.5845817923545837,
    0.5901179909706116,
    0.5965277552604675
  ],
  "val_recall": [
    0.44997382164001465,
    0.41522613167762756,
    0.6275537014007568,
    0.5776147842407227,
    0.65392005443573,
    0.6455386877059937,
    0.7656713724136353,
    0.6905884146690369,
    0.7510040402412415,
    0.7361620664596558,
    0.7017635703086853,
    0.6986205577850342,
    0.7499563694000244
  ],
  "learning_rate": [
    0.0010000000474974513,
    0.0010000000474974513,
    0.0010000000474974513,
    0.0010000000474974513,
    0.0010000000474974513,
    0.0010000000474974513,
    0.0010000000474974513,
    0.0010000000474974513,
    0.0010000000474974513,
    0.0005000000237487257,
    0.0005000000237487257,
    0.0005000000237487257,
    0.0005000000237487257
  ]
}