{
  "split": "train",
  "accuracy": 0.9183396315540859,
  "precision": 0.8514272995381448,
  "recall": 0.9118593563766388,
  "f1": 0.880607752294898,
  "confusion_matrix": [
    [
      31358,
      2670
    ],
    [
      1479,
      15301
    ]
  ],
  "classification_report": {
    "0.0": {
      "precision": 0.9549593446417152,
      "recall": 0.9215352063006935,
      "f1-score": 0.937949599940178,
      "support": 34028.0
    },
    "1.0": {
      "precision": 0.8514272995381448,
      "recall": 0.9118593563766388,
      "f1-score": 0.880607752294898,
      "support": 16780.0
    },
    "accuracy": 0.9183396315540859,
    "macro avg": {
      "precision": 0.90319332208993,
      "recall": 0.9166972813386662,
      "f1-score": 0.909278676117538,
      "support": 50808.0
    },
    "weighted avg": {
      "precision": 0.9207665459321043,
      "recall": 0.9183396315540859,
      "f1-score": 0.9190117121373164,
      "support": 50808.0
    }
  }
}