{
  "accuracy": 0.8562627932609038,
  "precision": 0.7819025522041764,
  "recall": 0.783253873659118,
  "f1": 0.7825776295811129,
  "confusion_matrix": [
    [
      30362,
      3666
    ],
    [
      3637,
      13143
    ]
  ],
  "classification_report": {
    "0.0": {
      "precision": 0.8930262654783965,
      "recall": 0.8922651933701657,
      "f1-score": 0.8926455672012583,
      "support": 34028.0
    },
    "1.0": {
      "precision": 0.7819025522041764,
      "recall": 0.783253873659118,
      "f1-score": 0.7825776295811129,
      "support": 16780.0
    },
    "accuracy": 0.8562627932609038,
    "macro avg": {
      "precision": 0.8374644088412864,
      "recall": 0.8377595335146419,
      "f1-score": 0.8376115983911856,
      "support": 50808.0
    },
    "weighted avg": {
      "precision": 0.8563262200378868,
      "recall": 0.8562627932609038,
      "f1-score": 0.8562942053435579,
      "support": 50808.0
    }
  }
}